speaker,First Debate,Second Debate
Trump,5.012049789907611,5.534553011530118
Clinton,7.053908080647897,8.003508753010536
