speaker,First Debate,Second Debate
Trump,0.018612071257644244,0.0169419737399407
Clinton,0.013122860403195132,0.013264315755418959
