speaker,First Debate,Second Debate
Trump,0.12969370858356885,0.09556860750360754
Clinton,0.1658247387123357,0.15558755684408418
