speaker,First Debate,Second Debate
Trump,0.5190630275901258,0.52607176046176
Clinton,0.4802563471555721,0.4886382191930495
