speaker,First Debate,Second Debate
Trump,1.3544270140919967,1.3787942962021742
Clinton,1.4123240775960442,1.4173406664509867
